City_ID,City,Country,Lat,Lng,Max Temp,Humidity,Cloudiness,Wind Speed,Current Description
0,hobart,AU,-42.8794,147.3294,57.06,81,40,5.75,scattered clouds
1,torbay,CA,47.6666,-52.7314,39.88,48,75,23.02,broken clouds
2,vaini,TO,-21.2,-175.2,75.36,94,40,4.61,scattered clouds
3,pevek,RU,69.7008,170.3133,-5.71,82,4,3.71,clear sky
4,ushuaia,AR,-54.8,-68.3,53.22,54,40,25.32,scattered clouds
5,bredasdorp,ZA,-34.5322,20.0403,72.72,83,100,4.61,overcast clouds
6,rikitea,PF,-23.1203,-134.9692,77.83,72,10,4.03,clear sky
7,barrow,US,71.2906,-156.7887,-13.54,100,100,7.61,overcast clouds
8,ronne,DK,55.1009,14.7066,37.31,60,2,13.8,clear sky
9,gafanha da encarnacao,PT,40.6181,-8.733,57.31,68,97,10.07,overcast clouds
10,mataura,NZ,-46.1927,168.8643,55.47,72,68,12.39,broken clouds
11,fortuna,US,40.5982,-124.1573,49.12,71,0,0.0,clear sky
12,mar del plata,AR,-38.0023,-57.5575,68.02,68,40,18.99,light rain
13,sorland,NO,67.667,12.6934,44.46,85,99,17.34,overcast clouds
14,mahebourg,MU,-20.4081,57.7,78.26,94,40,8.05,scattered clouds
15,bluff,NZ,-46.6,168.3333,55.8,91,97,30.47,overcast clouds
16,namibe,AO,-15.1961,12.1522,73.69,78,70,9.06,broken clouds
17,charters towers,AU,-20.1,146.2667,74.46,87,39,9.1,scattered clouds
18,ribeira grande,PT,38.5167,-28.7,61.2,94,75,27.63,mist
19,norman wells,CA,65.282,-126.8329,-14.76,70,20,6.91,few clouds
20,nago,JP,26.5881,127.9761,61.23,75,21,7.2,few clouds
21,iaciara,BR,-14.0958,-46.6317,82.26,70,98,2.53,overcast clouds
22,bethel,US,41.3712,-73.414,54.36,50,0,9.22,clear sky
23,san patricio,US,28.017,-97.5169,66.09,86,100,18.72,light rain
24,qaanaaq,GL,77.484,-69.3632,-7.98,75,26,4.76,scattered clouds
25,georgetown,MY,5.4112,100.3354,82.33,93,20,3.44,few clouds
26,vieux fort,LC,13.7167,-60.95,85.32,58,40,27.63,scattered clouds
27,puerto ayora,EC,-0.7393,-90.3518,85.96,85,86,5.99,overcast clouds
28,cape town,ZA,-33.9258,18.4232,79.21,48,0,6.91,clear sky
29,izhma,RU,65.0083,53.9113,18.91,94,100,11.18,light snow
30,kurilsk,RU,45.2333,147.8833,31.17,90,98,4.59,overcast clouds
31,albany,US,42.6001,-73.9662,48.22,73,100,1.01,overcast clouds
32,kamenka,RU,51.3223,42.7678,1.27,96,44,8.12,scattered clouds
33,bad sooden-allendorf,DE,51.2833,9.9833,47.21,43,11,11.39,few clouds
34,naze,JP,28.3667,129.4833,58.84,68,1,2.98,clear sky
35,aswan,EG,24.0934,32.907,65.5,22,0,12.66,clear sky
36,hithadhoo,MV,-0.6,73.0833,83.21,57,8,4.03,clear sky
37,hambantota,LK,6.1241,81.1185,79.95,78,87,4.59,overcast clouds
38,katsuura,JP,35.1333,140.3,56.41,74,70,16.64,broken clouds
39,hermanus,ZA,-34.4187,19.2345,78.8,77,100,4.34,light rain
40,chokwe,MZ,-24.5333,32.9833,75.4,76,2,7.96,clear sky
41,vardo,NO,70.3705,31.1107,33.78,75,75,12.66,broken clouds
42,ufimskiy,RU,56.7084,58.0517,2.1,93,53,6.49,broken clouds
43,carnarvon,AU,-24.8667,113.6333,78.87,83,75,5.75,broken clouds
44,tiksi,RU,71.6872,128.8694,-8.21,96,100,8.99,overcast clouds
45,kropotkin,RU,45.4375,40.5756,30.24,74,100,14.94,overcast clouds
46,butaritari,KI,3.0707,172.7902,79.68,82,85,15.48,moderate rain
47,sortland,NO,68.6949,15.4162,40.39,99,100,9.78,overcast clouds
48,yarmolyntsi,UA,49.1924,26.8373,25.72,62,24,10.6,few clouds
49,ous,RU,60.9058,61.5186,2.3,94,42,8.16,scattered clouds
50,airai,TL,-8.9266,125.4092,60.62,95,56,1.5,broken clouds
51,madimba,TZ,-10.4,40.3333,83.52,83,75,12.66,moderate rain
52,busselton,AU,-33.65,115.3333,67.05,79,46,7.58,scattered clouds
53,clyde river,CA,70.4692,-68.5914,-19.97,76,0,2.3,clear sky
54,rosetta,EG,31.4044,30.4164,52.66,58,98,16.89,overcast clouds
55,praia,CV,14.9215,-23.5087,79.34,47,47,20.71,scattered clouds
56,smila,UA,49.2224,31.8871,21.63,85,99,12.95,overcast clouds
57,tuktoyaktuk,CA,69.4541,-133.0374,-9.4,77,100,12.66,light snow
58,wamba,NG,8.9333,8.6,89.6,25,73,3.91,broken clouds
59,padang,ID,-0.9492,100.3543,77.18,87,100,3.24,overcast clouds
60,sayyan,YE,15.1718,44.3244,62.47,28,69,3.31,broken clouds
61,jamestown,US,42.097,-79.2353,48.02,42,100,12.66,overcast clouds
62,punta arenas,CL,-53.15,-70.9167,53.71,66,40,10.36,scattered clouds
63,arraial do cabo,BR,-22.9661,-42.0278,93.16,55,0,16.11,clear sky
64,kavieng,PG,-2.5744,150.7967,82.02,75,100,11.36,light rain
65,bubaque,GW,11.2833,-15.8333,77.34,67,8,13.67,clear sky
66,faanui,PF,-16.4833,-151.75,81.52,70,32,12.53,scattered clouds
67,guerrero negro,MX,27.9769,-114.0611,67.96,19,13,10.89,few clouds
68,santiago de chuco,PE,-8.15,-78.1833,58.32,67,98,4.97,light rain
69,ankara,TR,39.9199,32.8543,26.2,48,40,9.22,scattered clouds
70,vanimo,PG,-2.6741,141.3028,77.36,86,100,1.86,overcast clouds
71,vestmanna,FO,62.1564,-7.1664,43.72,87,100,28.77,overcast clouds
72,riohacha,CO,11.5444,-72.9072,91.51,49,40,17.27,scattered clouds
73,isangel,VU,-19.55,169.2667,78.49,83,9,3.83,clear sky
74,yulara,AU,-25.2406,130.9889,67.84,28,0,6.91,clear sky
75,moose factory,CA,51.2585,-80.6094,21.2,53,75,9.22,broken clouds
76,saskylakh,RU,71.9167,114.0833,-22.16,99,100,3.89,overcast clouds
77,new norfolk,AU,-42.7826,147.0587,56.7,69,42,3.2,scattered clouds
78,juneau,US,58.3019,-134.4197,35.1,95,100,3.44,snow
79,bengkulu,ID,-3.8004,102.2655,75.83,89,100,4.0,overcast clouds
80,castro,BR,-24.7911,-50.0119,71.65,90,52,8.75,broken clouds
81,hamilton,US,39.1834,-84.5333,56.03,53,0,12.66,clear sky
82,nikolskoye,RU,59.7035,30.7861,34.88,96,100,5.93,overcast clouds
83,saint-joseph,RE,-21.3667,55.6167,79.18,82,23,11.63,few clouds
84,tessalit,ML,20.1986,1.0114,82.85,10,0,11.34,clear sky
85,vao,NC,-22.6667,167.4833,79.18,75,13,11.61,few clouds
86,honningsvag,NO,70.9821,25.9704,35.35,69,40,10.36,scattered clouds
87,atuona,PF,-9.8,-139.0333,77.97,81,85,16.42,light rain
88,port alfred,ZA,-33.5906,26.891,75.09,89,3,20.65,clear sky
89,surovatikha,RU,55.7652,43.8984,3.31,96,18,3.85,few clouds
90,yellowknife,CA,62.456,-114.3525,-3.59,87,75,4.61,broken clouds
91,manokwari,ID,-0.8667,134.0833,78.49,82,97,6.42,overcast clouds
92,port hardy,CA,50.6996,-127.4199,41.0,93,100,19.57,light intensity shower rain
93,komsomolskiy,UZ,40.4272,71.7189,50.72,87,75,2.3,broken clouds
94,yeppoon,AU,-23.1333,150.7333,74.98,79,33,20.04,scattered clouds
95,buraydah,SA,26.326,43.975,70.25,21,99,14.45,overcast clouds
96,tasiilaq,GL,65.6145,-37.6368,28.56,86,100,16.06,light snow
97,hilo,US,19.7297,-155.09,75.61,76,0,5.75,clear sky
98,stranda,NO,62.3096,6.9358,46.74,74,1,8.59,clear sky
99,camacha,PT,33.0833,-16.3333,62.02,63,0,12.66,clear sky
100,kodiak,US,57.79,-152.4072,38.71,87,100,12.66,overcast clouds
101,nyurba,RU,63.2842,118.3319,-16.08,100,98,2.57,overcast clouds
102,avarua,CK,-21.2078,-159.775,77.05,94,40,2.3,scattered clouds
103,billings,US,45.7833,-108.5007,20.28,67,75,6.91,broken clouds
104,tual,ID,-5.6667,132.75,81.75,75,100,2.64,overcast clouds
105,axim,GH,4.8699,-2.2405,83.52,75,93,9.53,overcast clouds
106,gornopravdinsk,RU,60.05,69.9,-13.74,100,94,3.36,overcast clouds
107,mercedes,AR,-34.6515,-59.4307,73.85,36,1,11.77,clear sky
108,galveston,US,29.3669,-94.9669,64.94,86,100,16.11,haze
109,kapaa,US,22.0752,-159.319,73.72,81,40,8.05,scattered clouds
110,sangar,RU,63.9242,127.4739,-10.77,98,100,2.89,overcast clouds
111,severo-kurilsk,RU,50.6789,156.125,30.67,89,100,6.44,overcast clouds
112,umm lajj,SA,25.0213,37.2685,65.97,53,3,18.28,clear sky
113,salinopolis,BR,-0.6136,-47.3561,75.78,89,100,4.88,overcast clouds
114,lompoc,US,34.6391,-120.4579,69.12,52,0,5.75,clear sky
115,capitao poco,BR,-1.7464,-47.0594,78.53,91,97,4.21,light rain
116,novo aripuana,BR,-5.1206,-60.3797,87.48,64,96,1.1,overcast clouds
117,rocha,UY,-34.4833,-54.3333,72.84,44,7,17.85,clear sky
118,arlit,NE,18.7369,7.3853,83.32,13,70,10.36,broken clouds
119,filingue,NE,14.3521,3.3168,93.63,11,79,8.95,broken clouds
120,bangui,CF,4.3612,18.555,78.98,69,20,3.44,few clouds
121,bayan,CN,46.0833,127.4,12.58,96,48,0.34,scattered clouds
122,saint-leu,RE,-21.15,55.2833,79.66,79,20,7.67,light rain
123,talnakh,RU,69.4865,88.3972,-23.75,98,70,8.08,broken clouds
124,mount gambier,AU,-37.8333,140.7667,46.31,93,23,2.3,few clouds
125,khatanga,RU,71.9667,102.5,-28.82,100,96,4.65,overcast clouds
126,verkhnevilyuysk,RU,63.4453,120.3167,-19.07,100,85,1.03,overcast clouds
127,abnub,EG,27.2696,31.1511,59.22,36,0,10.74,clear sky
128,cherskiy,RU,68.75,161.3,-9.13,81,11,2.48,few clouds
129,robertsport,LR,6.7533,-11.3686,81.1,83,77,12.06,broken clouds
130,mvomero,TZ,-6.25,38.6667,78.94,79,31,7.72,scattered clouds
131,turkan,AZ,40.3639,50.215,41.18,93,100,16.11,overcast clouds
132,atlantic city,US,39.3643,-74.4229,57.18,59,0,5.75,clear sky
133,cidreira,BR,-30.1811,-50.2056,70.57,90,100,17.65,overcast clouds
134,yarensk,RU,62.1675,49.0916,20.59,94,100,8.55,light snow
135,alofi,NU,-19.0595,-169.9187,75.09,94,100,8.05,overcast clouds
136,puerto narino,CO,-3.7703,-70.3831,85.57,60,100,3.49,overcast clouds
137,narsaq,GL,60.9167,-46.05,14.22,70,100,3.18,overcast clouds
138,verkhoyansk,RU,67.5447,133.385,-2.15,100,99,1.63,overcast clouds
139,aksu,CN,41.1231,80.2644,51.76,28,92,6.73,overcast clouds
140,saint george,US,37.1041,-113.5841,46.63,20,0,1.99,clear sky
141,palasa,IN,18.7667,84.4167,74.46,62,45,4.34,scattered clouds
142,tabas,IR,33.5959,56.9244,80.26,21,100,10.6,overcast clouds
143,pisco,PE,-13.7,-76.2167,75.25,69,0,8.05,clear sky
144,buala,SB,-8.145,159.5921,80.02,80,100,4.72,overcast clouds
145,kahului,US,20.8947,-156.47,78.84,73,20,8.01,few clouds
146,kimbe,PG,-5.5502,150.1429,75.4,93,44,2.71,scattered clouds
147,marsassoum,SN,12.8275,-15.9806,105.89,6,0,3.06,clear sky
148,batagay-alyta,RU,67.8006,130.4114,-7.33,96,99,3.74,overcast clouds
149,arequipa,PE,-16.3989,-71.535,62.67,67,75,4.61,broken clouds
150,saint-pierre,RE,-21.3393,55.4781,80.28,80,0,19.57,clear sky
151,port macquarie,AU,-31.4333,152.9167,61.9,77,53,2.66,broken clouds
152,foam lake,CA,51.65,-103.5343,-11.18,89,44,12.59,scattered clouds
153,souillac,MU,-20.5167,57.5167,77.38,94,40,8.05,scattered clouds
154,apartado,CO,7.883,-76.6259,85.86,70,20,13.8,few clouds
155,maine-soroa,NE,13.2114,12.0241,82.44,16,87,9.4,overcast clouds
156,bambous virieux,MU,-20.3428,57.7575,78.22,94,40,8.05,scattered clouds
157,scarborough,GB,54.2797,-0.4044,49.64,87,94,13.0,light rain
158,vila velha,BR,-20.3297,-40.2925,89.55,68,20,17.27,few clouds
159,blackwater,AU,-23.5833,148.8833,71.33,84,19,12.28,few clouds
160,ponta do sol,PT,32.6667,-17.1,68.13,64,100,4.9,overcast clouds
161,portland,US,45.5234,-122.6762,49.6,68,75,3.0,broken clouds
162,aykhal,RU,66.0,111.5,-7.44,100,100,2.71,overcast clouds
163,tecoanapa,MX,16.5167,-98.75,83.17,53,23,9.35,few clouds
164,port augusta,AU,-32.5,137.7667,67.33,31,90,5.93,overcast clouds
165,kruisfontein,ZA,-34.0033,24.7314,75.85,70,30,6.87,scattered clouds
166,coquimbo,CL,-29.9533,-71.3436,64.13,77,20,14.97,few clouds
167,khandbari,NP,27.3747,87.2039,62.78,41,3,4.29,clear sky
168,san cristobal,VE,7.7669,-72.225,75.38,85,82,2.59,broken clouds
169,patacamaya,BO,-17.2333,-67.9167,58.59,49,72,8.46,broken clouds
170,nanortalik,GL,60.1432,-45.2371,15.73,72,71,24.54,broken clouds
171,dhankuta,NP,26.9833,87.3333,59.09,41,0,5.99,clear sky
172,chase,CA,50.8165,-119.6857,37.15,75,99,3.15,overcast clouds
173,geraldton,AU,-28.7667,114.6,68.41,94,56,3.44,broken clouds
174,vetlanda,SE,57.4289,15.0776,29.08,63,16,5.1,few clouds
175,chuy,UY,-33.6971,-53.4616,73.65,42,0,11.95,clear sky
176,vostok,RU,46.4856,135.8833,19.4,95,100,5.55,light snow
177,salalah,OM,17.0151,54.0924,80.69,54,0,2.3,clear sky
178,windsor,CA,42.3001,-83.0165,33.96,83,100,3.44,overcast clouds
179,bodden town,KY,19.2833,-81.25,86.0,66,20,13.8,few clouds
180,lata,PT,40.1629,-8.3327,50.02,84,95,4.38,light rain
181,arman,RU,59.7,150.1667,17.02,84,100,5.41,overcast clouds
182,thompson,CA,55.7435,-97.8558,-7.44,59,40,10.36,scattered clouds
183,dikson,RU,73.5069,80.5464,-4.16,95,100,24.49,overcast clouds
184,lerwick,GB,60.1545,-1.1494,44.6,85,76,38.92,broken clouds
185,belaya gora,RU,68.5333,146.4167,-13.81,99,92,2.33,overcast clouds
186,rabaul,PG,-4.1967,152.1721,79.29,79,100,2.42,overcast clouds
187,penzance,GB,50.1186,-5.5371,50.68,87,20,19.57,few clouds
188,san vicente,AR,-26.6167,-54.1333,67.05,100,100,2.15,moderate rain
189,pinawa,CA,50.1489,-95.8811,-1.52,82,100,13.58,overcast clouds
190,wewak,PG,-3.5534,143.6268,78.87,84,100,4.21,overcast clouds
191,kirakira,SB,-10.4544,161.9205,78.67,83,89,3.96,overcast clouds
192,tombouctou,ML,20.0,-3.0,81.82,10,0,11.56,clear sky
193,saldanha,ZA,-33.0117,17.9442,82.45,71,99,9.86,overcast clouds
194,chokurdakh,RU,70.6333,147.9167,-9.53,97,100,5.59,overcast clouds
195,qandala,SO,11.472,49.8728,79.2,67,71,7.27,broken clouds
196,sakaiminato,JP,35.55,133.2333,57.18,72,75,9.22,broken clouds
197,edenderry,IE,53.3453,-7.0497,48.43,91,86,7.36,overcast clouds
198,sinnamary,GF,5.3833,-52.95,79.68,81,83,10.04,broken clouds
199,taoudenni,ML,22.6783,-3.9836,81.37,9,0,13.33,clear sky
200,kaitangata,NZ,-46.2817,169.8464,59.04,64,34,17.74,scattered clouds
201,upernavik,GL,72.7868,-56.1549,-7.53,96,88,7.52,overcast clouds
202,ayagoz,KZ,47.9714,80.4392,16.81,92,100,7.94,overcast clouds
203,parkersburg,US,39.2667,-81.5615,59.34,47,0,5.75,clear sky
204,kudahuvadhoo,MV,2.6708,72.8944,83.17,71,1,8.55,clear sky
205,taksimo,RU,56.3444,114.8794,-8.72,92,48,2.51,scattered clouds
206,iskateley,RU,67.6803,53.1512,24.37,95,100,16.93,light snow
207,port elizabeth,ZA,-33.918,25.5701,71.89,83,0,13.8,clear sky
208,bull savanna,JM,17.8868,-77.5902,83.88,57,1,16.96,clear sky
209,nome,US,64.5011,-165.4064,24.87,36,0,10.36,clear sky
210,svrljig,RS,43.4133,22.1211,29.1,65,89,4.99,overcast clouds
211,caravelas,BR,-17.7125,-39.2481,84.25,62,99,7.9,overcast clouds
212,ancud,CL,-41.8697,-73.8203,70.23,66,0,7.72,clear sky
213,ormara,PK,25.2088,64.6357,76.05,73,27,9.69,scattered clouds
214,waingapu,ID,-9.6567,120.2641,79.29,86,85,3.53,overcast clouds
215,mayo,US,38.8876,-76.5119,62.2,63,0,10.36,clear sky
216,sibolga,ID,1.7427,98.7792,77.11,86,94,2.95,overcast clouds
217,provideniya,RU,64.3833,-173.3,17.35,49,0,13.2,clear sky
218,verkhnetulomskiy,RU,68.6073,31.7962,37.53,95,96,4.34,overcast clouds
219,lebu,CL,-37.6167,-73.65,64.47,69,0,18.28,clear sky
220,ambon,ID,-3.6954,128.1814,77.14,94,40,6.91,scattered clouds
221,udachnyy,RU,66.4167,112.4,-15.36,100,100,4.56,overcast clouds
222,san angelo,US,31.4638,-100.437,32.29,69,100,15.01,overcast clouds
223,tapiramuta,BR,-11.8472,-40.7914,78.73,61,97,8.61,overcast clouds
224,road town,VG,18.4167,-64.6167,84.29,58,20,12.66,few clouds
225,sri aman,MY,1.2376,111.4621,78.85,94,79,0.0,broken clouds
226,te anau,NZ,-45.4167,167.7167,52.11,91,100,5.82,overcast clouds
227,atambua,ID,-9.1061,124.8925,74.14,90,94,2.82,overcast clouds
228,ahipara,NZ,-35.1667,173.1667,61.21,89,11,5.28,few clouds
229,herat,AF,34.5,62.0,70.83,34,100,14.47,overcast clouds
230,bathsheba,BB,13.2167,-59.5167,83.01,57,20,24.16,few clouds
231,bella union,UY,-30.2752,-57.6007,73.35,46,75,14.94,broken clouds
232,iqaluit,CA,63.7506,-68.5145,-13.27,62,20,0.0,few clouds
233,husavik,IS,66.0449,-17.3389,39.56,78,84,14.7,broken clouds
234,jalu,LY,29.0331,21.5482,57.11,36,75,2.28,broken clouds
235,kutum,SD,14.2,24.6667,72.57,18,86,13.29,overcast clouds
236,dingle,PH,10.9995,122.6711,76.32,91,88,5.01,overcast clouds
237,tazovskiy,RU,67.4667,78.7,-20.42,100,14,6.58,few clouds
238,alpena,US,45.0617,-83.4327,31.1,46,0,5.99,clear sky
239,inta,RU,66.0317,60.1659,13.62,85,100,23.62,overcast clouds
240,jabinyanah,TN,35.035,10.9081,60.6,72,26,16.98,scattered clouds
241,northeim,DE,51.7,10.0,45.75,35,7,8.99,clear sky
242,la brea,HN,15.8,-85.9667,85.51,62,0,0.0,clear sky
243,tautira,PF,-17.7333,-149.15,80.37,71,36,10.8,scattered clouds
244,phan thiet,VN,10.9333,108.1,76.62,77,100,5.53,overcast clouds
245,evansville,US,37.9748,-87.5558,40.17,76,75,10.36,broken clouds
246,mina,MX,26.0011,-100.5299,84.22,11,3,8.59,clear sky
247,kupang,ID,-10.1667,123.5833,77.52,89,45,6.33,scattered clouds
248,aklavik,CA,68.2191,-135.0107,-13.0,77,100,2.3,overcast clouds
249,puerto leguizamo,CO,-0.1934,-74.7819,90.64,49,62,5.39,broken clouds
250,indramayu,ID,-6.3264,108.32,79.3,87,100,10.45,overcast clouds
251,alice springs,AU,-23.7,133.8833,60.35,55,0,0.0,clear sky
252,muros,ES,42.7762,-9.0603,55.09,64,99,13.4,overcast clouds
253,murchison,NZ,-41.8,172.3333,57.79,99,99,3.33,overcast clouds
254,cabo san lucas,MX,22.8909,-109.9124,76.6,58,0,1.01,clear sky
255,kieta,PG,-6.2167,155.6333,77.45,74,83,1.34,broken clouds
256,huntsville,US,34.7304,-86.5861,67.91,65,0,9.22,clear sky
257,dauphin,CA,51.1494,-100.0502,-5.66,65,0,21.85,clear sky
258,karratha,AU,-20.7377,116.8463,86.13,57,0,6.89,clear sky
259,payson,US,40.0444,-111.7321,32.4,45,0,6.91,clear sky
260,entre rios,BR,-11.9419,-38.0844,84.97,56,91,9.06,overcast clouds
261,watrous,CA,51.6668,-105.4679,-7.82,64,13,9.22,few clouds
262,richards bay,ZA,-28.783,32.0377,73.47,86,1,4.72,clear sky
263,waipawa,NZ,-41.4122,175.5153,57.42,84,3,8.55,clear sky
264,avera,US,33.194,-82.5271,57.38,88,100,6.82,overcast clouds
265,tilichiki,RU,60.4667,166.1,3.58,86,62,6.87,broken clouds
266,deyang,CN,31.1302,104.382,69.8,60,100,6.24,overcast clouds
267,hovd,MN,48.0056,91.6419,18.32,73,87,3.78,overcast clouds
268,dunedin,NZ,-45.8742,170.5036,65.8,50,49,8.01,scattered clouds
269,lagoa,PT,39.05,-27.9833,59.92,93,100,32.23,overcast clouds
270,ilulissat,GL,69.2167,-51.1,6.82,56,75,13.8,broken clouds
271,luba,GQ,3.4568,8.5547,85.89,80,100,8.43,overcast clouds
272,antofagasta,CL,-23.65,-70.4,75.22,57,15,9.1,few clouds
273,jumla,NP,29.2747,82.1838,39.24,67,63,5.53,broken clouds
274,mata de sao joao,BR,-12.5303,-38.2992,87.55,75,89,7.11,overcast clouds
275,rio gallegos,AR,-51.6226,-69.2181,53.65,82,75,13.8,light rain
276,sandwick,GB,60.0,-1.25,44.42,81,20,37.98,few clouds
277,republic,US,37.12,-93.4802,26.19,65,100,13.8,overcast clouds
278,severnyy,RU,50.677,36.5532,14.04,57,0,6.71,clear sky
279,maceio,BR,-9.6658,-35.7353,87.24,51,40,11.5,scattered clouds
280,lovington,US,32.944,-103.3485,25.65,56,100,14.14,overcast clouds
281,ostrovnoy,RU,68.0531,39.5131,30.34,87,94,18.54,light snow
282,tuatapere,NZ,-46.1333,167.6833,54.05,91,100,15.68,overcast clouds
283,lazaro cardenas,MX,17.9583,-102.2,82.71,39,18,9.48,few clouds
284,labuhan,ID,-6.8844,112.2051,79.09,88,100,7.78,overcast clouds
285,la ronge,CA,55.1001,-105.2842,-3.75,41,0,8.05,clear sky
286,talmenka,RU,53.8183,83.5677,3.38,94,20,8.48,few clouds
287,vezirkopru,TR,41.1436,35.4547,30.69,87,100,3.06,overcast clouds
288,stokmarknes,NO,68.5646,14.9108,40.96,100,75,2.3,light intensity drizzle
289,aginskoye,RU,51.1,114.53,17.15,95,100,14.0,snow
290,wajid,SO,3.8093,43.2471,86.99,21,98,14.72,overcast clouds
291,boundiali,CI,9.5217,-6.4869,97.47,14,100,3.89,overcast clouds
292,saint-philippe,RE,-21.3585,55.7679,80.19,83,46,10.87,light rain
293,mangan,IN,27.5167,88.5333,62.69,37,2,7.49,clear sky
294,leh,IN,34.1667,77.5833,7.27,73,33,3.36,scattered clouds
295,finschhafen,PG,-6.6024,147.8681,80.2,81,99,6.22,overcast clouds
296,suntar,RU,62.1444,117.6319,-7.83,100,91,1.68,overcast clouds
297,grindavik,IS,63.8424,-22.4338,42.75,87,40,20.71,scattered clouds
298,panaba,MX,21.2833,-88.2667,95.67,28,7,15.43,clear sky
299,rockhampton,AU,-23.3833,150.5,75.09,83,40,6.91,scattered clouds
300,kemijarvi,FI,66.7131,27.4306,28.0,99,89,5.3,overcast clouds
301,east london,ZA,-33.0153,27.9116,76.14,88,0,14.97,clear sky
302,zvishavane,ZW,-20.3267,30.0665,68.27,57,53,5.21,broken clouds
303,rawson,AR,-43.3002,-65.1023,72.79,36,0,5.82,clear sky
304,laguna,US,38.421,-121.4238,64.09,39,0,5.75,clear sky
305,qaqortoq,GL,60.7167,-46.0333,8.04,72,94,1.43,overcast clouds
306,pokhara,NP,28.2333,83.9833,64.06,30,1,6.29,clear sky
307,kirensk,RU,57.7853,108.1119,-15.12,100,75,0.78,broken clouds
308,lumberton,US,34.6182,-79.0086,58.32,56,75,1.92,broken clouds
309,victoria,HK,22.2855,114.1577,71.19,87,5,5.01,clear sky
310,kinsale,IE,51.7075,-8.5306,47.23,93,75,3.44,broken clouds
311,weinan,CN,34.5036,109.5089,66.33,62,98,2.19,overcast clouds
312,carutapera,BR,-1.195,-46.02,75.72,94,100,5.5,moderate rain
313,sao gabriel da cachoeira,BR,-0.1303,-67.0892,87.6,70,20,3.44,few clouds
314,yarmouth,US,41.7057,-70.2286,52.27,74,0,9.22,clear sky
315,zhizdra,RU,53.746,34.7395,16.63,94,62,4.16,broken clouds
316,leerdam,NL,51.8933,5.0917,57.99,48,57,3.0,broken clouds
317,nemuro,JP,43.3236,145.575,35.29,93,100,13.8,snow
318,havre-saint-pierre,CA,50.2334,-63.5986,17.6,48,0,16.11,clear sky
319,hurghada,EG,27.2574,33.8129,62.64,36,0,16.11,clear sky
320,viloco,BO,-16.95,-67.55,53.73,68,92,6.73,overcast clouds
321,broken hill,AU,-31.95,141.4333,62.31,36,98,8.05,overcast clouds
322,vila franca do campo,PT,37.7167,-25.4333,63.19,81,91,19.77,overcast clouds
323,karaton,ID,-6.3424,106.1045,74.46,94,98,4.61,overcast clouds
324,sovetskaya,RU,44.7769,41.1722,28.13,82,100,14.63,overcast clouds
325,palafrugell,ES,41.9174,3.1631,55.45,56,100,5.01,light rain
326,esperance,AU,-33.8667,121.9,64.24,74,51,15.21,broken clouds
327,port lincoln,AU,-34.7333,135.8667,63.54,75,0,13.42,clear sky
328,muttupet,IN,10.4,79.4833,75.79,79,5,9.42,clear sky
329,mamallapuram,IN,12.6264,80.1722,81.05,71,1,5.1,clear sky
330,beringovskiy,RU,63.05,179.3167,0.12,89,6,10.67,clear sky
331,klaksvik,FO,62.2266,-6.589,45.52,88,100,35.95,overcast clouds
332,kathu,TH,7.9178,98.3332,78.62,73,14,6.8,few clouds
333,tura,IN,25.5198,90.2201,69.35,26,1,2.17,clear sky
334,sembakung,ID,3.8167,117.25,73.99,99,51,1.25,broken clouds
335,fare,PF,-16.7,-151.0167,80.71,72,25,10.89,scattered clouds
336,nalut,LY,30.3333,10.85,58.98,24,0,4.85,clear sky
337,susanville,US,40.4163,-120.653,42.8,34,0,1.99,clear sky
338,les cayes,HT,18.2,-73.75,84.51,60,0,12.84,clear sky
339,moree,AU,-29.4667,149.85,62.62,77,12,6.91,few clouds
340,biak,ID,-0.9131,122.8766,77.63,85,100,0.69,overcast clouds
341,asfi,MA,32.2994,-9.2372,61.36,78,100,8.16,overcast clouds
342,aneho,TG,6.2333,1.6,86.2,76,83,15.05,broken clouds
343,teya,RU,60.3778,92.6267,-10.64,100,100,1.45,overcast clouds
344,poso,ID,-1.3959,120.7524,77.88,87,100,3.02,overcast clouds
345,sao filipe,CV,14.8961,-24.4956,75.38,60,44,9.48,scattered clouds
346,aracatuba,BR,-21.2089,-50.4328,87.98,51,40,9.22,scattered clouds
347,nisia floresta,BR,-6.0911,-35.2086,89.98,55,91,13.27,overcast clouds
348,vilhena,BR,-12.7406,-60.1458,80.82,74,75,8.05,light rain
349,safaga,EG,26.7292,33.9365,59.88,54,0,24.25,clear sky
350,andra,RU,62.5147,65.8878,-0.22,95,100,8.39,overcast clouds
351,vestmannaeyjar,IS,63.4427,-20.2734,43.79,87,40,14.97,scattered clouds
352,hualmay,PE,-11.0964,-77.6139,76.96,71,83,8.88,broken clouds
353,mount isa,AU,-20.7333,139.5,85.77,21,40,12.66,light rain
354,armizonskoye,RU,55.9461,67.6736,-9.11,99,90,7.87,overcast clouds
355,fairbanks,US,64.8378,-147.7164,2.98,68,0,6.91,clear sky
356,hofn,IS,64.2539,-15.2082,44.62,93,100,10.36,mist
357,lensk,RU,60.7253,114.9278,-15.32,100,92,3.69,overcast clouds
358,saint anthony,US,45.0205,-93.218,10.98,54,40,18.41,scattered clouds
359,nipawin,CA,53.3668,-104.0009,-3.96,59,0,12.66,clear sky
360,lokachi,UA,50.737,24.6494,30.74,51,16,6.67,few clouds
361,broome,US,42.2506,-75.833,49.19,60,100,7.0,overcast clouds
362,tiznit,MA,29.5833,-9.5,59.7,62,46,7.4,scattered clouds
363,brus,RS,43.3836,21.0336,23.05,72,90,4.88,overcast clouds
364,mandalgovi,MN,45.7625,106.2708,31.01,45,86,17.4,overcast clouds
365,namatanai,PG,-3.6667,152.4333,79.86,78,100,6.4,overcast clouds
366,khapa,IN,21.4333,78.9667,78.75,26,39,6.2,scattered clouds
367,hasaki,JP,35.7333,140.8333,46.8,68,76,13.29,broken clouds
368,ucluelet,CA,48.9329,-125.5528,43.09,83,100,1.01,overcast clouds
369,riyadh,SA,24.6877,46.7219,82.54,22,88,18.95,overcast clouds
370,kisangani,CD,0.5167,25.2,74.62,88,96,5.75,light rain
371,aquiraz,BR,-3.9014,-38.3911,82.06,75,99,11.07,moderate rain
372,kabo,CF,7.6994,18.629,89.74,32,76,3.89,broken clouds
373,pedasi,PA,7.5333,-80.0333,82.98,65,0,11.7,clear sky
374,kununurra,AU,-15.7667,128.7333,82.38,83,40,5.75,scattered clouds
375,wilmington,US,34.2257,-77.9447,58.95,74,40,4.61,scattered clouds
376,artyom,AZ,40.4723,50.333,41.14,86,100,16.55,overcast clouds
377,comodoro rivadavia,AR,-45.8667,-67.5,75.06,38,0,5.75,clear sky
378,payo,ID,-3.7508,103.6372,73.69,98,100,1.59,overcast clouds
379,iralaya,HN,15.0,-83.2333,83.59,58,1,9.37,clear sky
380,peleduy,RU,59.6289,112.7406,-14.71,100,99,2.17,overcast clouds
381,soyo,AO,-6.1349,12.3689,81.7,82,100,7.09,overcast clouds
382,chateauroux,FR,46.8167,1.7,48.2,87,0,9.22,light rain
383,peruibe,BR,-24.32,-46.9983,83.75,64,100,4.29,overcast clouds
384,beloha,MG,-25.1667,45.05,75.42,83,30,19.01,scattered clouds
385,slobozia,MD,46.7281,29.7078,24.26,74,100,12.5,overcast clouds
386,malinyi,TZ,-8.9333,36.1333,75.99,91,89,1.81,overcast clouds
387,camacupa,AO,-12.0167,17.4833,65.1,93,99,4.99,moderate rain
388,chake chake,TZ,-5.2459,39.7666,79.45,74,38,11.79,scattered clouds
389,uray,RU,60.1247,64.7758,-8.28,99,67,5.97,broken clouds
390,hauterive,FR,46.0901,3.4459,54.36,64,100,14.23,overcast clouds
391,pangnirtung,CA,66.1451,-65.7125,-14.8,70,20,2.3,few clouds
392,nuuk,GL,64.1835,-51.7216,11.01,72,100,9.22,overcast clouds
393,mataram,ID,-8.5833,116.1167,77.81,85,94,5.55,overcast clouds
394,olafsvik,IS,64.8945,-23.7142,40.98,80,63,27.18,broken clouds
395,codrington,AU,-38.2667,141.9667,49.01,85,44,6.2,scattered clouds
396,luderitz,NA,-26.6481,15.1594,71.42,72,5,1.9,clear sky
397,ust-maya,RU,60.4167,134.5333,-15.47,100,94,1.57,overcast clouds
398,tromso,NO,69.6496,18.957,37.42,87,75,14.97,light intensity shower rain
399,mansa,IN,29.9833,75.3833,64.96,27,0,3.6,clear sky
400,elmadag,TR,39.9208,33.2308,23.34,53,99,9.84,overcast clouds
401,chapais,CA,49.7834,-74.8492,15.58,63,85,7.16,overcast clouds
402,ayan,RU,56.45,138.1667,12.02,79,100,6.31,overcast clouds
403,goma,CD,-1.6792,29.2228,67.05,72,83,3.33,broken clouds
404,westport,US,41.1415,-73.3579,55.62,50,0,3.44,clear sky
405,hobyo,SO,5.3505,48.5268,78.93,65,99,14.29,overcast clouds
406,ziro,IN,27.6333,93.8333,48.9,61,3,2.06,clear sky
407,karanja,IN,20.4833,77.4833,81.3,30,10,5.26,clear sky
408,rock hill,US,34.9249,-81.0251,60.98,76,75,3.44,broken clouds
409,flin flon,CA,54.7682,-101.865,-4.16,50,40,14.97,scattered clouds
410,chalus,IR,36.655,51.4204,53.06,87,100,4.61,mist
411,opuwo,NA,-18.0607,13.84,76.77,60,98,7.47,light rain
412,worland,US,44.0169,-107.9554,19.6,62,25,5.64,scattered clouds
413,meadow lake,US,34.8014,-106.5436,39.47,39,42,4.16,scattered clouds
414,lianran,CN,24.9227,102.485,61.34,41,7,3.51,clear sky
415,samarai,PG,-10.6167,150.6667,82.36,78,77,9.37,broken clouds
416,sitka,US,57.0531,-135.33,35.49,87,100,0.0,light snow
417,svetlaya,RU,46.5389,138.3297,27.84,77,97,8.3,overcast clouds
418,nuevo progreso,MX,23.1667,-97.95,85.89,49,2,5.01,clear sky
419,taltal,CL,-25.4,-70.4833,70.45,68,14,6.31,few clouds
420,griffith,US,41.5284,-87.4237,32.0,60,0,9.22,snow
421,farafangana,MG,-22.8167,47.8333,77.18,86,57,7.27,moderate rain
422,arvika,SE,59.6553,12.5852,30.81,87,0,2.1,clear sky
423,yantal,RU,56.8471,105.2542,-9.83,100,98,2.1,overcast clouds
424,baker city,US,44.7749,-117.8344,38.64,62,100,0.0,overcast clouds
425,yunyang,CN,33.4474,112.7142,65.61,61,96,1.83,overcast clouds
426,dourados,BR,-22.2211,-54.8056,85.68,50,97,5.19,moderate rain
427,pijijiapan,MX,15.7011,-93.23,92.34,39,28,10.18,scattered clouds
428,van,TR,38.4924,43.3831,29.55,100,75,14.97,broken clouds
429,sobolevo,RU,54.4299,31.8996,18.25,89,52,7.0,broken clouds
430,takoradi,GH,4.8845,-1.7554,83.34,75,74,11.21,broken clouds
431,shache,CN,38.4167,77.2406,59.72,20,93,3.89,overcast clouds
432,tigre,AR,-34.426,-58.5796,74.26,49,20,13.8,few clouds
433,acapulco,MX,16.8634,-99.8901,84.65,50,42,9.98,scattered clouds
434,lamesa,US,32.7376,-101.951,31.51,45,100,14.76,overcast clouds
435,dwarka,IN,22.2394,68.9678,78.82,61,0,10.87,clear sky
436,galesong,ID,-5.3166,119.3661,77.02,84,93,4.36,overcast clouds
437,santa fe,AR,-31.6333,-60.7,80.01,46,0,5.01,clear sky
438,virginia beach,US,36.8529,-75.978,61.03,71,40,8.05,scattered clouds
439,nha trang,VN,12.25,109.1833,78.8,92,95,7.72,overcast clouds
440,makakilo city,US,21.3469,-158.0858,76.28,74,0,9.22,clear sky
441,bonthe,SL,7.5264,-12.505,82.35,67,65,12.44,broken clouds
442,zyryanka,RU,65.75,150.85,-3.95,93,100,8.55,overcast clouds
443,gillette,US,44.2911,-105.5022,20.03,65,0,13.8,clear sky
444,anchorage,US,61.2181,-149.9003,35.28,91,100,5.75,light rain
445,dharmadam,IN,11.7833,75.4333,77.59,86,0,4.9,clear sky
446,whitehorse,CA,60.7161,-135.0538,29.17,80,100,3.44,overcast clouds
447,parauna,BR,-16.9478,-50.4486,85.39,52,10,1.5,clear sky
448,puerto escondido,MX,15.85,-97.0667,86.74,50,28,9.15,scattered clouds
449,santa clara,CU,22.4,-79.9667,92.62,30,0,9.48,clear sky
450,grand-santi,GF,4.25,-54.3833,88.7,51,79,2.55,broken clouds
451,mananjary,MG,-21.2167,48.3333,75.96,90,100,3.89,moderate rain
452,doha,QA,25.2867,51.5333,82.71,59,74,8.05,broken clouds
453,japura,ID,-0.3167,102.35,74.37,98,98,0.83,overcast clouds
454,omachi,JP,36.5,137.8667,35.74,84,20,5.68,few clouds
455,jega,NG,12.2175,4.3792,94.06,11,78,7.81,broken clouds
456,ugoofaaru,MV,5.6667,73.0,83.16,68,4,4.76,clear sky
457,lorengau,PG,-2.0226,147.2712,80.67,77,99,4.23,overcast clouds
458,vilyuysk,RU,63.7553,121.6247,-17.54,100,92,2.8,overcast clouds
459,san pedro,PH,14.35,121.0167,81.36,83,75,3.44,broken clouds
460,korop,UA,51.5664,32.9586,19.33,91,11,1.28,few clouds
461,ovsyanka,RU,55.9575,92.5519,-3.78,100,100,2.04,overcast clouds
462,igarka,RU,67.4667,86.5833,-21.06,100,99,4.99,overcast clouds
463,steinbach,DE,50.1667,8.5667,51.03,31,0,9.22,clear sky
464,cuamba,MZ,-14.8031,36.5372,68.63,98,100,10.63,light rain
465,burnie,AU,-41.0667,145.9167,53.92,82,36,6.02,scattered clouds
466,ishigaki,JP,24.3448,124.1572,70.97,65,0,13.38,clear sky
467,sola,VU,-13.8833,167.55,81.48,76,100,6.73,overcast clouds
468,yakeshi,CN,49.2833,120.7333,9.64,90,100,4.59,overcast clouds
469,sao joao da barra,BR,-21.6403,-41.0511,89.69,74,0,15.95,clear sky
470,jinka,ET,5.65,36.65,73.22,45,89,1.74,light rain
471,rio grande,BR,-32.035,-52.0986,77.11,51,99,18.19,overcast clouds
472,metu,ET,8.3,35.5833,66.52,58,94,4.09,light rain
473,zhoucheng,CN,35.9122,116.3117,53.04,64,77,5.82,broken clouds
474,austin,US,30.2672,-97.7431,41.86,71,100,19.57,overcast clouds
475,sandakan,MY,5.8402,118.1179,78.48,94,40,2.3,scattered clouds
476,vetluga,RU,57.8557,45.781,9.32,93,64,5.82,broken clouds
477,sistranda,NO,63.7256,8.834,44.56,75,1,13.44,clear sky
478,bratsk,RU,56.1325,101.6142,0.09,99,100,3.44,overcast clouds
479,arcachon,FR,44.5875,-1.0519,53.92,87,0,3.44,clear sky
480,gualeguay,AR,-33.1416,-59.3097,77.29,37,0,8.95,clear sky
481,lipin bor,RU,60.2622,37.9763,26.4,96,100,6.46,overcast clouds
482,werda,BW,-25.2667,23.2833,76.93,52,66,8.28,broken clouds
483,egvekinot,RU,66.3167,-179.1667,10.87,54,0,12.03,clear sky
484,vanavara,RU,60.34,102.2797,-16.35,100,98,2.1,overcast clouds
485,erenhot,CN,43.6475,111.9767,42.8,41,100,11.61,overcast clouds
486,quang ngai,VN,15.1167,108.8,68.04,96,100,4.23,overcast clouds
487,saint-georges,GD,12.0564,-61.7485,85.68,62,40,28.77,scattered clouds
488,kharabali,RU,47.4196,47.2568,23.7,85,100,13.91,overcast clouds
489,methoni,GR,36.8197,21.7049,44.46,76,87,8.43,overcast clouds
490,san juan,AR,-31.5375,-68.5364,79.7,23,12,10.74,few clouds
491,dalbandin,PK,28.8947,64.4101,78.22,22,15,7.31,few clouds
492,ginir,ET,7.1333,40.7,62.11,41,93,0.89,overcast clouds
493,longyearbyen,SJ,78.2186,15.6401,13.84,67,0,5.75,clear sky
494,batemans bay,AU,-35.7167,150.1833,63.1,93,68,3.24,broken clouds
495,rudbar,AF,30.15,62.6,83.93,17,57,13.67,broken clouds
496,kon tum,VN,14.35,108.0,62.85,96,78,3.02,broken clouds
497,okha,RU,53.5739,142.9478,12.27,96,91,6.87,overcast clouds
498,cervia,IT,44.2657,12.3427,46.99,58,0,11.5,clear sky
499,channel-port aux basques,CA,47.5702,-59.1367,29.52,62,100,15.3,overcast clouds
500,atbasar,KZ,51.8,68.3333,9.03,90,100,17.9,overcast clouds
501,ubinskoye,RU,55.3068,79.6802,-7.96,100,35,7.38,scattered clouds
502,fort-shevchenko,KZ,44.5086,50.263,36.81,96,100,13.62,overcast clouds
503,laibin,CN,23.7,109.2667,69.31,75,33,4.05,scattered clouds
504,mgachi,RU,51.05,142.2667,21.63,96,100,4.99,light snow
505,poum,NC,-20.2333,164.0167,81.28,73,3,4.03,clear sky
506,ampanihy,MG,-24.7,44.75,74.98,82,14,15.88,few clouds
507,montbrison,FR,45.6667,4.0833,50.34,63,100,15.73,overcast clouds
508,tome,CL,-36.6167,-72.95,70.41,53,0,8.28,clear sky
509,mandiana,GN,10.6333,-8.6833,98.46,9,89,5.55,overcast clouds
510,semenivka,UA,52.1783,32.5818,25.34,81,74,5.41,broken clouds
511,leningradskiy,RU,69.3833,178.4167,1.2,72,3,3.71,clear sky
512,lincoln,US,40.8,-96.667,32.29,50,0,23.02,clear sky
513,ondjiva,AO,-17.0667,15.7333,77.14,61,75,6.31,light rain
514,hirson,FR,49.9226,4.0826,54.46,75,100,15.88,overcast clouds
515,solenzo,BF,12.1833,-4.0833,99.27,10,99,7.25,overcast clouds
516,port moresby,PG,-9.4431,147.1797,74.89,93,100,4.09,overcast clouds
517,mehamn,NO,71.0357,27.8492,33.51,73,70,15.77,broken clouds
518,guayaramerin,BO,-10.8368,-65.3614,89.65,58,40,6.91,scattered clouds
519,nauta,PE,-4.5061,-73.5757,84.58,75,100,3.15,overcast clouds
520,simao,CN,22.7886,100.9748,64.02,40,15,0.81,few clouds
521,nizhneudinsk,RU,54.9076,99.0276,7.34,97,100,2.35,overcast clouds
522,muzhi,RU,65.3667,64.6667,6.19,94,100,9.95,overcast clouds
523,pafos,CY,34.7667,32.4167,47.98,57,75,19.57,broken clouds
524,zhigansk,RU,66.7697,123.3711,-7.98,99,100,5.66,overcast clouds
525,asau,RO,46.4333,26.4,24.28,91,100,8.93,light snow
526,ilebo,CD,-4.3167,20.5833,78.37,76,99,2.55,overcast clouds
527,mezen,RU,65.8522,44.24,27.82,97,96,8.63,light snow
528,westlock,CA,54.1502,-113.8688,14.11,93,100,12.88,light snow
529,puerto carreno,CO,6.189,-67.4859,89.58,51,40,10.36,scattered clouds
530,santa marta,CO,11.2408,-74.199,88.9,62,20,8.05,few clouds
531,aranos,NA,-24.1333,19.1167,84.76,31,78,8.57,broken clouds
532,salina,US,38.8403,-97.6114,30.02,60,0,11.01,clear sky
533,litovko,RU,49.2361,135.1742,15.08,97,100,1.48,overcast clouds
534,flinders,AU,-34.5833,150.8552,64.18,90,57,7.0,light rain
535,guilin,CN,25.2819,110.2864,64.51,79,76,0.67,broken clouds
536,barra do garcas,BR,-15.89,-52.2567,93.78,52,40,2.3,scattered clouds
537,hay river,CA,60.8156,-115.7999,4.98,56,75,9.22,broken clouds
538,paris,FR,48.8534,2.3488,51.58,87,75,17.27,broken clouds
539,yarada,IN,17.65,83.2667,77.32,83,20,2.3,mist
540,kjollefjord,NO,70.9457,27.3465,35.65,72,93,15.88,overcast clouds
541,esna,EG,25.2934,32.554,62.62,27,49,16.67,scattered clouds
542,lavrentiya,RU,65.5833,-171.0,6.71,68,0,9.1,clear sky
543,abu samrah,SY,35.3029,37.1841,40.53,81,55,21.05,broken clouds
544,abdulino,RU,53.7,53.6667,8.74,95,95,6.8,overcast clouds
545,saint pete beach,US,27.7253,-82.7412,87.26,71,75,19.57,broken clouds
546,bilma,NE,18.6853,12.9164,78.8,20,73,7.09,broken clouds
547,kichera,RU,55.9375,110.0997,-1.37,86,86,6.93,overcast clouds
548,ozinki,RU,51.1786,49.6769,15.19,96,98,11.92,overcast clouds
549,chimoio,MZ,-19.1164,33.4833,73.26,83,75,11.99,broken clouds
550,marsa matruh,EG,31.3525,27.2453,52.0,66,75,12.66,broken clouds
551,zhangye,CN,38.9342,100.4517,44.92,35,1,7.58,clear sky
552,touros,BR,-5.1989,-35.4608,86.23,57,80,14.74,broken clouds
553,wagar,SD,16.1525,36.2032,78.06,52,82,21.21,broken clouds
554,constitucion,CL,-35.3333,-72.4167,69.31,55,1,6.04,clear sky
555,korem,ET,12.5058,39.5228,59.68,51,69,6.85,broken clouds
556,mogadishu,SO,2.0371,45.3438,78.94,78,69,17.98,broken clouds
557,turayf,SA,31.6725,38.6637,44.85,70,40,20.71,scattered clouds
558,emba,KZ,48.8264,58.1442,11.23,93,76,9.42,broken clouds
559,mersin,TR,36.862,34.6509,43.74,51,92,5.77,overcast clouds
560,ostersund,SE,63.1792,14.6357,37.85,56,0,9.22,clear sky
561,timizart,DZ,36.8,4.2667,54.09,81,100,2.28,overcast clouds
562,russkaya polyana,UA,49.417,31.9201,21.94,79,97,12.59,overcast clouds
563,ofunato,JP,39.0717,141.7167,41.86,85,57,6.82,broken clouds
564,saint-augustin,CA,51.226,-58.6502,20.1,67,28,15.52,scattered clouds
565,nurota,UZ,40.5614,65.6886,55.65,92,100,4.36,light rain
566,conceicao da barra,BR,-18.5933,-39.7322,84.94,62,96,8.55,overcast clouds
567,quatre cocos,MU,-20.2078,57.7625,78.1,84,34,13.11,scattered clouds
568,saint-francois,FR,46.4154,3.9054,51.42,65,100,18.41,overcast clouds
569,meulaboh,ID,4.1363,96.1285,77.76,88,77,4.41,broken clouds
570,fomboni,KM,-12.28,43.7425,83.5,74,100,14.88,overcast clouds
571,lima,PE,-12.0432,-77.0282,77.4,78,80,8.05,broken clouds
572,imbituba,BR,-28.24,-48.6703,77.41,88,59,14.72,broken clouds
573,jagodina,RS,43.9814,21.2622,30.13,57,62,4.0,broken clouds
574,gornyy,RU,55.1153,83.9059,-15.23,100,52,5.41,broken clouds
575,coihaique,CL,-45.5752,-72.0662,67.95,56,0,4.61,clear sky
576,andenes,NO,69.3143,16.1194,40.98,93,100,17.27,overcast clouds
577,winton,US,37.3894,-120.6133,57.74,41,0,4.61,clear sky
578,pasni,PK,25.2631,63.471,76.06,73,39,7.49,scattered clouds
579,berlevag,NO,70.8578,29.0864,33.6,72,83,19.35,broken clouds
580,kenai,US,60.5544,-151.2583,34.03,97,100,4.61,light snow
581,linguere,SN,15.3953,-15.1193,102.42,25,0,4.61,clear sky
582,omboue,GA,-1.5746,9.2618,79.72,88,100,6.04,light rain
583,katiola,CI,8.1333,-5.1,95.63,23,68,1.83,broken clouds
584,fecamp,FR,49.7579,0.3746,54.48,82,99,17.43,overcast clouds
585,mirnyy,RU,62.5353,113.9611,-10.77,76,88,4.0,overcast clouds
586,yumen,CN,40.2833,97.2,45.46,29,28,4.09,scattered clouds
587,pochutla,MX,15.7432,-96.4661,88.83,38,14,9.22,few clouds
588,aragats,AM,40.4889,44.3528,31.57,95,99,3.27,snow
589,iquique,CL,-20.2208,-70.1431,73.44,76,27,6.93,scattered clouds
590,qui nhon,VN,13.7667,109.2333,69.85,94,94,7.43,overcast clouds
591,hirado,JP,33.3597,129.5531,58.39,84,56,6.78,broken clouds
592,san lawrenz,MT,36.0553,14.204,54.86,68,47,4.9,scattered clouds
593,kurchum,KZ,48.5722,83.6542,13.87,95,100,2.26,overcast clouds
594,radhanpur,IN,23.8333,71.6,80.42,24,0,9.22,clear sky
595,mahanoro,MG,-19.9,48.8,76.05,88,56,2.28,light rain
596,srednekolymsk,RU,67.45,153.6833,-12.96,100,99,3.49,overcast clouds
597,voznesenye,RU,61.0106,35.4781,30.87,96,100,8.93,overcast clouds
598,nizhniy baskunchak,RU,48.2198,46.8311,21.94,88,100,14.99,overcast clouds
599,vinzili,RU,56.9594,65.7708,0.55,100,89,3.2,overcast clouds
600,shelomi,IL,33.0747,35.1461,50.36,56,99,22.01,overcast clouds
601,beckley,US,37.7782,-81.1882,61.66,59,2,1.01,clear sky
602,kuzovatovo,RU,53.5468,47.6866,6.57,98,100,7.05,overcast clouds
603,bara,NG,10.3744,10.7288,88.36,16,92,8.37,overcast clouds
604,uenohara,JP,35.6167,139.1167,50.45,63,42,4.41,scattered clouds
605,erzin,TR,36.9559,36.2,38.57,63,73,2.73,light rain
606,nara,JP,34.6851,135.8049,51.69,63,37,2.55,scattered clouds
607,lanzhou,CN,36.0564,103.7922,52.25,30,100,1.79,overcast clouds
608,margate,GB,51.3813,1.3862,51.31,83,100,5.99,overcast clouds
609,feijo,BR,-8.1642,-70.3536,83.07,82,82,2.39,broken clouds
610,lucapa,AO,-8.4192,20.7447,74.34,76,89,3.58,overcast clouds
611,yanji,CN,42.9075,129.5078,30.63,48,0,5.95,clear sky
612,pangody,RU,65.85,74.4859,-8.88,100,66,9.22,broken clouds
613,daloa,CI,6.8774,-6.4502,93.18,29,74,3.76,broken clouds
614,at-bashi,KG,41.1702,75.8106,32.32,77,99,2.62,overcast clouds
615,petropavlovsk-kamchatskiy,RU,53.0452,158.6483,27.19,100,100,4.47,light shower snow
616,yenagoa,NG,4.9247,6.2642,81.41,79,91,9.84,moderate rain
617,mahon,ES,39.8885,4.2658,57.76,88,40,6.91,scattered clouds
618,formosa do rio preto,BR,-11.0483,-45.1931,84.72,62,95,1.63,overcast clouds
619,kayanza,BI,-3.0667,29.6667,61.09,86,95,1.16,overcast clouds
620,virbalis,LT,54.6267,22.8169,30.22,45,90,4.72,overcast clouds
621,havelock,US,34.8791,-76.9013,57.97,85,100,5.75,overcast clouds
622,bagdarin,RU,54.4333,113.6,-0.58,93,100,3.83,overcast clouds
623,qadirpur ran,PK,30.2924,71.6712,75.09,36,1,6.04,clear sky
624,smithville,US,39.3869,-94.5811,32.07,50,75,10.36,broken clouds
625,shushenskoye,RU,53.325,91.9356,9.07,95,100,4.74,light snow
626,birao,CF,10.2849,22.7882,84.85,15,92,5.59,overcast clouds
627,iberia,US,29.9502,-91.7507,67.98,77,100,8.05,overcast clouds
628,whitianga,NZ,-36.8333,175.7,60.91,72,44,0.25,scattered clouds
629,ekhabi,RU,53.5102,142.9671,12.09,97,90,6.69,overcast clouds
630,kralendijk,BQ,12.15,-68.2667,80.58,78,100,21.85,overcast clouds
631,gat,IL,31.61,34.7642,52.48,100,82,16.26,broken clouds
632,bontang,ID,0.1333,117.5,78.44,85,71,2.51,broken clouds
633,aiken,US,33.5835,-81.5998,58.57,83,100,6.91,overcast clouds
634,pacific grove,US,36.6177,-121.9166,62.38,50,0,3.44,clear sky
635,emmett,US,43.8735,-116.4993,43.39,34,95,3.49,overcast clouds
636,mackay,AU,-21.15,149.2,76.98,88,75,13.8,shower rain
637,chiredzi,ZW,-21.05,31.6667,76.89,45,37,3.15,scattered clouds
638,davenda,RU,53.5556,119.317,4.26,96,74,3.91,broken clouds
639,cassilandia,BR,-19.1133,-51.7342,91.11,40,76,6.22,broken clouds
640,port pirie,AU,-33.1833,138.0167,57.29,35,6,6.91,clear sky
641,petropavl,KZ,54.8753,69.1628,-0.09,94,100,10.31,overcast clouds
642,zabaykalsk,RU,49.6333,117.3167,20.19,60,100,13.15,light snow
643,bonavista,CA,48.6499,-53.1147,33.06,61,42,18.25,scattered clouds
644,visnes,NO,59.3556,5.2242,50.38,29,0,25.32,clear sky
645,belawan,ID,3.7755,98.6832,79.09,92,48,5.39,scattered clouds
646,portree,GB,57.4129,-6.1942,47.52,87,100,18.05,light rain
647,urumqi,CN,43.801,87.6005,40.15,65,0,4.47,clear sky
648,porbandar,IN,21.6422,69.6093,81.03,44,0,10.42,clear sky
649,ust-nera,RU,64.5667,143.2,-9.58,99,88,4.5,overcast clouds
650,sikonge,TZ,-5.6333,32.7667,70.59,83,60,3.91,broken clouds
651,cap-chat,CA,49.1001,-66.6821,17.6,38,90,0.0,overcast clouds
652,otradnoye,RU,59.7775,30.8181,35.04,96,100,5.73,overcast clouds
653,miraflores,MX,19.2167,-98.8083,75.02,14,2,6.4,clear sky
654,claveria,PH,18.6074,121.0832,75.67,93,69,13.56,broken clouds
655,oussouye,SN,12.485,-16.5469,105.98,28,1,12.17,clear sky
656,moerai,PF,-22.4333,-151.3333,80.76,73,82,8.39,broken clouds
657,clive,US,41.603,-93.7241,27.32,47,20,27.63,few clouds
658,ramgarh,IN,23.6333,85.5167,77.05,32,0,7.23,clear sky
659,sitio novo do tocantins,BR,-5.5183,-47.4611,82.33,89,75,8.05,broken clouds
660,blagoveshchenka,RU,52.8333,79.8667,3.52,93,98,12.48,overcast clouds
661,faya,SA,18.3851,42.4509,64.51,61,10,2.86,clear sky
662,ruidoso,US,33.3317,-105.673,28.56,73,100,4.61,overcast clouds
663,palmer,US,42.1584,-72.3287,52.92,45,100,6.91,overcast clouds
664,hailey,US,43.5196,-114.3153,32.9,53,0,4.0,clear sky
665,kalmunai,LK,7.4167,81.8167,77.81,85,97,5.77,overcast clouds
666,churapcha,RU,62.0025,132.4325,-18.81,100,99,1.7,overcast clouds
667,sisimiut,GL,66.9395,-53.6735,-0.67,92,35,6.62,scattered clouds
668,eyl,SO,7.9803,49.8164,77.29,69,99,13.53,overcast clouds
669,cayenne,GF,4.9333,-52.3333,86.04,59,0,13.8,clear sky
670,bandar-e anzali,IR,37.4727,49.4622,51.91,91,95,7.09,overcast clouds
671,tabou,CI,4.423,-7.3528,81.25,83,99,8.93,overcast clouds
672,san quintin,MX,30.4833,-115.95,62.76,37,51,6.11,broken clouds
673,minot,US,48.2325,-101.2963,-1.98,65,0,17.27,clear sky
674,guangyuan,CN,32.442,105.823,68.27,69,100,3.49,overcast clouds
675,khani,GE,41.9563,42.9566,27.97,98,100,5.06,snow
676,bundaberg,AU,-24.85,152.35,71.89,96,100,9.22,overcast clouds
677,nova olimpia,BR,-14.7972,-57.2881,85.35,72,61,3.53,broken clouds
678,come,BJ,6.4076,1.882,84.65,70,71,12.66,broken clouds
679,sayville,US,40.7359,-73.0821,54.28,55,20,9.22,few clouds
680,grafton,US,42.207,-71.6856,54.25,47,77,3.0,broken clouds
681,necochea,AR,-38.5473,-58.7368,64.08,55,82,19.64,broken clouds
682,vrangel,RU,42.7297,133.0839,33.1,69,0,8.88,clear sky
683,mersing,MY,2.4312,103.8405,78.71,83,96,6.91,overcast clouds
684,boa vista,BR,2.8197,-60.6733,89.58,48,40,12.66,scattered clouds
685,itoman,JP,26.1247,127.6694,64.42,77,24,5.75,few clouds
686,strelka,RU,58.0728,93.0344,-11.11,100,97,2.57,overcast clouds
687,bilibino,RU,68.0546,166.4372,-4.31,69,0,3.71,clear sky
688,lavras,BR,-21.2453,-44.9997,81.63,50,4,3.71,clear sky
689,olinda,BR,-8.0089,-34.8553,85.73,62,40,9.22,scattered clouds
690,tiarei,PF,-17.5333,-149.3333,80.62,72,37,10.27,scattered clouds
691,tongren,CN,27.7172,109.1853,68.11,82,100,3.24,overcast clouds
692,bairiki,KI,1.3292,172.9752,80.6,83,40,6.91,scattered clouds
693,tari,NG,12.4086,4.4914,93.58,12,94,7.92,overcast clouds
694,koumac,NC,-20.5667,164.2833,79.41,81,41,4.83,scattered clouds
695,macheng,CN,31.1783,115.0319,66.22,66,0,4.74,clear sky
